Scenario_Sensors,Algorithm,Trial_ID,Fitness_Cost,Execution_Time_s,Energy_Total_J,Avg_Delay_s,Min_Link_Margin_dB
6,GA,1,1.9096068335719965,0.3872189521789551,0.013694622351093767,0.0014999999999999998,35.68696213981387
6,GA,2,1.9096068335719965,0.4163529872894287,0.013694622351093767,0.0014999999999999998,35.68696213981387
6,GA,3,1.9096068335719965,0.38367223739624023,0.013694622351093767,0.0014999999999999998,35.68696213981387
6,GA,4,1.9096068335719965,0.49925994873046875,0.013694622351093767,0.0014999999999999998,35.68696213981387
6,GA,5,1.9096068335719965,0.37657809257507324,0.013694622351093767,0.0014999999999999998,35.68696213981387
6,GA,6,1.9096068335719965,0.28493380546569824,0.013694622351093767,0.0014999999999999998,35.68696213981387
6,GA,7,1.9096068335719965,0.4301280975341797,0.013694622351093767,0.0014999999999999998,35.68696213981387
6,GA,8,1.9096068335719965,0.23240089416503906,0.013694622351093767,0.0014999999999999998,35.68696213981387
6,GA,9,1.9096068335719965,0.4393937587738037,0.013694622351093767,0.0014999999999999998,35.68696213981387
6,GA,10,1.9096068335719965,0.22395896911621094,0.013694622351093767,0.0014999999999999998,35.68696213981387
6,GA,11,1.9096068335719965,0.29524898529052734,0.013694622351093767,0.0014999999999999998,35.68696213981387
6,GA,12,1.9096068335719965,0.2863459587097168,0.013694622351093767,0.0014999999999999998,35.68696213981387
6,GA,13,1.9096068335719965,0.46620631217956543,0.013694622351093767,0.0014999999999999998,35.68696213981387
6,GA,14,1.9096068335719965,0.4363901615142822,0.013694622351093767,0.0014999999999999998,35.68696213981387
6,GA,15,1.9096068335719965,0.4597299098968506,0.013694622351093767,0.0014999999999999998,35.68696213981387
6,GA,16,1.9096068335719965,0.31688690185546875,0.013694622351093767,0.0014999999999999998,35.68696213981387
6,GA,17,1000.0,0.06303286552429199,,,0.0
6,GA,18,1.9096068335719965,0.4160768985748291,0.013694622351093767,0.0014999999999999998,35.68696213981387
6,GA,19,1.9096068335719965,0.3974170684814453,0.013694622351093767,0.0014999999999999998,35.68696213981387
6,GA,20,1.9096068335719965,0.46423816680908203,0.013694622351093767,0.0014999999999999998,35.68696213981387
6,GA,21,1.9096068335719965,0.4242880344390869,0.013694622351093767,0.0014999999999999998,35.68696213981387
6,GA,22,1.9096068335719965,0.4366779327392578,0.013694622351093767,0.0014999999999999998,35.68696213981387
6,GA,23,1.9096068335719965,0.4346787929534912,0.013694622351093767,0.0014999999999999998,35.68696213981387
6,GA,24,1.9096068335719965,0.47348594665527344,0.013694622351093767,0.0014999999999999998,35.68696213981387
6,GA,25,1.9096068335719965,0.4090700149536133,0.013694622351093767,0.0014999999999999998,35.68696213981387
6,GA,26,800.0,0.0839390754699707,,,0.0
6,GA,27,1.9096068335719965,0.0738821029663086,0.013694622351093767,0.0014999999999999998,35.68696213981387
6,GA,28,1.9096068335719965,0.4835782051086426,0.013694622351093767,0.0014999999999999998,35.68696213981387
6,GA,29,1.9096068335719965,0.06677103042602539,0.013694622351093767,0.0014999999999999998,35.68696213981387
6,GA,30,1.9096068335719965,0.45584678649902344,0.013694622351093767,0.0014999999999999998,35.68696213981387
6,PSO,1,1.9096068335719965,0.07898592948913574,0.013694622351093767,0.0014999999999999998,35.68696213981387
6,PSO,2,1.9096068335719965,0.10547995567321777,0.013694622351093767,0.0014999999999999998,35.68696213981387
6,PSO,3,1.9096068335719965,0.11061286926269531,0.013694622351093767,0.0014999999999999998,35.68696213981387
6,PSO,4,1.9096068335719965,0.11002326011657715,0.013694622351093767,0.0014999999999999998,35.68696213981387
6,PSO,5,1.9096068335719965,0.09020113945007324,0.013694622351093767,0.0014999999999999998,35.68696213981387
6,PSO,6,1.9096068335719965,0.07616996765136719,0.013694622351093767,0.0014999999999999998,35.68696213981387
6,PSO,7,1.9096068335719965,0.08354783058166504,0.013694622351093767,0.0014999999999999998,35.68696213981387
6,PSO,8,1.9096068335719965,0.13794994354248047,0.013694622351093767,0.0014999999999999998,35.68696213981387
6,PSO,9,1.9096068335719965,0.10462117195129395,0.013694622351093767,0.0014999999999999998,35.68696213981387
6,PSO,10,1.9096068335719965,0.10095691680908203,0.013694622351093767,0.0014999999999999998,35.68696213981387
6,PSO,11,1.9096068335719965,0.10785508155822754,0.013694622351093767,0.0014999999999999998,35.68696213981387
6,PSO,12,1.9096068335719965,0.09400606155395508,0.013694622351093767,0.0014999999999999998,35.68696213981387
6,PSO,13,1.9096068335719965,0.09730195999145508,0.013694622351093767,0.0014999999999999998,35.68696213981387
6,PSO,14,1.9096068335719965,0.13085007667541504,0.013694622351093767,0.0014999999999999998,35.68696213981387
6,PSO,15,1.9096068335719965,0.11118006706237793,0.013694622351093767,0.0014999999999999998,35.68696213981387
6,PSO,16,1.9096068335719965,0.09532022476196289,0.013694622351093767,0.0014999999999999998,35.68696213981387
6,PSO,17,1.9096068335719965,0.06264495849609375,0.013694622351093767,0.0014999999999999998,35.68696213981387
6,PSO,18,1.9096068335719965,0.09272909164428711,0.013694622351093767,0.0014999999999999998,35.68696213981387
6,PSO,19,1.9096068335719965,0.07061600685119629,0.013694622351093767,0.0014999999999999998,35.68696213981387
6,PSO,20,1.9096068335719965,0.06311392784118652,0.013694622351093767,0.0014999999999999998,35.68696213981387
6,PSO,21,1.9096068335719965,0.09400606155395508,0.013694622351093767,0.0014999999999999998,35.68696213981387
6,PSO,22,1.9096068335719965,0.07046389579772949,0.013694622351093767,0.0014999999999999998,35.68696213981387
6,PSO,23,1.9096068335719965,0.08420586585998535,0.013694622351093767,0.0014999999999999998,35.68696213981387
6,PSO,24,1.9096068335719965,0.09609818458557129,0.013694622351093767,0.0014999999999999998,35.68696213981387
6,PSO,25,1.9096068335719965,0.10012102127075195,0.013694622351093767,0.0014999999999999998,35.68696213981387
6,PSO,26,1.9096068335719965,0.07047295570373535,0.013694622351093767,0.0014999999999999998,35.68696213981387
6,PSO,27,1.9096068335719965,0.09387493133544922,0.013694622351093767,0.0014999999999999998,35.68696213981387
6,PSO,28,1.9096068335719965,0.1272578239440918,0.013694622351093767,0.0014999999999999998,35.68696213981387
6,PSO,29,1.9096068335719965,0.09848403930664062,0.013694622351093767,0.0014999999999999998,35.68696213981387
6,PSO,30,1.9096068335719965,0.10132980346679688,0.013694622351093767,0.0014999999999999998,35.68696213981387
6,GWO,1,1.9096068335719965,0.0856180191040039,0.013694622351093767,0.0014999999999999998,35.68696213981387
6,GWO,2,1.9096068335719965,0.10238385200500488,0.013694622351093767,0.0014999999999999998,35.68696213981387
6,GWO,3,1.9096068335719965,0.08310699462890625,0.013694622351093767,0.0014999999999999998,35.68696213981387
6,GWO,4,1.9096068335719965,0.08926200866699219,0.013694622351093767,0.0014999999999999998,35.68696213981387
6,GWO,5,1.9096068335719965,0.06803703308105469,0.013694622351093767,0.0014999999999999998,35.68696213981387
6,GWO,6,1.9096068335719965,0.0641021728515625,0.013694622351093767,0.0014999999999999998,35.68696213981387
6,GWO,7,1.9096068335719965,0.07117199897766113,0.013694622351093767,0.0014999999999999998,35.68696213981387
6,GWO,8,1.9096068335719965,0.08621716499328613,0.013694622351093767,0.0014999999999999998,35.68696213981387
6,GWO,9,1.9096068335719965,0.08659100532531738,0.013694622351093767,0.0014999999999999998,35.68696213981387
6,GWO,10,1.9096068335719965,0.08218097686767578,0.013694622351093767,0.0014999999999999998,35.68696213981387
6,GWO,11,1.9096068335719965,0.15665197372436523,0.013694622351093767,0.0014999999999999998,35.68696213981387
6,GWO,12,1.9096068335719965,0.05357813835144043,0.013694622351093767,0.0014999999999999998,35.68696213981387
6,GWO,13,1.9096068335719965,0.08502602577209473,0.013694622351093767,0.0014999999999999998,35.68696213981387
6,GWO,14,1.9096068335719965,0.06862092018127441,0.013694622351093767,0.0014999999999999998,35.68696213981387
6,GWO,15,1.9096068335719965,0.050038814544677734,0.013694622351093767,0.0014999999999999998,35.68696213981387
6,GWO,16,1.9096068335719965,0.1027829647064209,0.013694622351093767,0.0014999999999999998,35.68696213981387
6,GWO,17,1.9096068335719965,0.07596421241760254,0.013694622351093767,0.0014999999999999998,35.68696213981387
6,GWO,18,1.9096068335719965,0.08250212669372559,0.013694622351093767,0.0014999999999999998,35.68696213981387
6,GWO,19,1.9096068335719965,0.14620518684387207,0.013694622351093767,0.0014999999999999998,35.68696213981387
6,GWO,20,1.9096068335719965,0.06260108947753906,0.013694622351093767,0.0014999999999999998,35.68696213981387
6,GWO,21,1.9096068335719965,0.07886219024658203,0.013694622351093767,0.0014999999999999998,35.68696213981387
6,GWO,22,1.9096068335719965,0.1041710376739502,0.013694622351093767,0.0014999999999999998,35.68696213981387
6,GWO,23,1.9096068335719965,0.10660004615783691,0.013694622351093767,0.0014999999999999998,35.68696213981387
6,GWO,24,1.9096068335719965,0.06659317016601562,0.013694622351093767,0.0014999999999999998,35.68696213981387
6,GWO,25,1.9096068335719965,0.0655829906463623,0.013694622351093767,0.0014999999999999998,35.68696213981387
6,GWO,26,1.9096068335719965,0.15024709701538086,0.013694622351093767,0.0014999999999999998,35.68696213981387
6,GWO,27,1.9096068335719965,0.06165719032287598,0.013694622351093767,0.0014999999999999998,35.68696213981387
6,GWO,28,1.9096068335719965,0.08424186706542969,0.013694622351093767,0.0014999999999999998,35.68696213981387
6,GWO,29,1.9096068335719965,0.0791311264038086,0.013694622351093767,0.0014999999999999998,35.68696213981387
6,GWO,30,1.9096068335719965,0.06956624984741211,0.013694622351093767,0.0014999999999999998,35.68696213981387
8,GA,1,2.304460011804208,0.5403459072113037,0.01691863583440161,0.0014999999999999998,34.444072080996285
8,GA,2,2.304460011804208,0.5424301624298096,0.01691863583440161,0.0014999999999999998,34.444072080996285
8,GA,3,2.304460011804208,0.08470487594604492,0.01691863583440161,0.0014999999999999998,34.444072080996285
8,GA,4,2.304460011804208,0.5718681812286377,0.01691863583440161,0.0014999999999999998,34.444072080996285
8,GA,5,2.304460011804208,0.061833858489990234,0.01691863583440161,0.0014999999999999998,34.444072080996285
8,GA,6,2.304460011804208,0.5436131954193115,0.01691863583440161,0.0014999999999999998,34.444072080996285
8,GA,7,2.304460011804208,0.5315940380096436,0.01691863583440161,0.0014999999999999998,34.444072080996285
8,GA,8,2.304460011804208,0.573732852935791,0.01691863583440161,0.0014999999999999998,34.444072080996285
8,GA,9,800.0,0.07162594795227051,,,0.0
8,GA,10,2.304460011804208,0.5247597694396973,0.01691863583440161,0.0014999999999999998,34.444072080996285
8,GA,11,2.304460011804208,0.5042569637298584,0.01691863583440161,0.0014999999999999998,34.444072080996285
8,GA,12,2.304460011804208,0.5750129222869873,0.01691863583440161,0.0014999999999999998,34.444072080996285
8,GA,13,2.304460011804208,0.17435789108276367,0.01691863583440161,0.0014999999999999998,34.444072080996285
8,GA,14,2.304460011804208,0.5719170570373535,0.01691863583440161,0.0014999999999999998,34.444072080996285
8,GA,15,2.304460011804208,0.5237572193145752,0.01691863583440161,0.0014999999999999998,34.444072080996285
8,GA,16,2.304460011804208,0.648104190826416,0.01691863583440161,0.0014999999999999998,34.444072080996285
8,GA,17,2.304460011804208,0.5632860660552979,0.01691863583440161,0.0014999999999999998,34.444072080996285
8,GA,18,2.304460011804208,0.24489188194274902,0.01691863583440161,0.0014999999999999998,34.444072080996285
8,GA,19,2.304460011804208,0.5798730850219727,0.01691863583440161,0.0014999999999999998,34.444072080996285
8,GA,20,2.304460011804208,0.5138392448425293,0.01691863583440161,0.0014999999999999998,34.444072080996285
8,GA,21,2.304460011804208,0.587662935256958,0.01691863583440161,0.0014999999999999998,34.444072080996285
8,GA,22,2.304460011804208,0.07251906394958496,0.01691863583440161,0.0014999999999999998,34.444072080996285
8,GA,23,2.304460011804208,0.41739511489868164,0.01691863583440161,0.0014999999999999998,34.444072080996285
8,GA,24,2.304460011804208,0.49083423614501953,0.01691863583440161,0.0014999999999999998,34.444072080996285
8,GA,25,2.304460011804208,0.5233218669891357,0.01691863583440161,0.0014999999999999998,34.444072080996285
8,GA,26,2.304460011804208,0.5730700492858887,0.01691863583440161,0.0014999999999999998,34.444072080996285
8,GA,27,800.0,0.06918501853942871,,,0.0
8,GA,28,2.304460011804208,0.36772918701171875,0.01691863583440161,0.0014999999999999998,34.444072080996285
8,GA,29,800.0,0.07288098335266113,,,0.0
8,GA,30,2.304460011804208,0.5645802021026611,0.01691863583440161,0.0014999999999999998,34.444072080996285
8,PSO,1,2.304460011804208,0.09258794784545898,0.01691863583440161,0.0014999999999999998,34.444072080996285
8,PSO,2,2.304460011804208,0.14154815673828125,0.01691863583440161,0.0014999999999999998,34.444072080996285
8,PSO,3,2.304460011804208,0.12085986137390137,0.01691863583440161,0.0014999999999999998,34.444072080996285
8,PSO,4,2.304460011804208,0.1206052303314209,0.01691863583440161,0.0014999999999999998,34.444072080996285
8,PSO,5,2.304460011804208,0.08788084983825684,0.01691863583440161,0.0014999999999999998,34.444072080996285
8,PSO,6,2.304460011804208,0.17459893226623535,0.01691863583440161,0.0014999999999999998,34.444072080996285
8,PSO,7,2.304460011804208,0.10691571235656738,0.01691863583440161,0.0014999999999999998,34.444072080996285
8,PSO,8,2.304460011804208,0.11084389686584473,0.01691863583440161,0.0014999999999999998,34.444072080996285
8,PSO,9,2.304460011804208,0.1521599292755127,0.01691863583440161,0.0014999999999999998,34.444072080996285
8,PSO,10,2.304460011804208,0.11046767234802246,0.01691863583440161,0.0014999999999999998,34.444072080996285
8,PSO,11,2.304460011804208,0.08241415023803711,0.01691863583440161,0.0014999999999999998,34.444072080996285
8,PSO,12,2.304460011804208,0.23026418685913086,0.01691863583440161,0.0014999999999999998,34.444072080996285
8,PSO,13,2.304460011804208,0.13414502143859863,0.01691863583440161,0.0014999999999999998,34.444072080996285
8,PSO,14,2.304460011804208,0.17994213104248047,0.01691863583440161,0.0014999999999999998,34.444072080996285
8,PSO,15,2.304460011804208,0.0859689712524414,0.01691863583440161,0.0014999999999999998,34.444072080996285
8,PSO,16,2.304460011804208,0.13272333145141602,0.01691863583440161,0.0014999999999999998,34.444072080996285
8,PSO,17,2.304460011804208,0.18165087699890137,0.01691863583440161,0.0014999999999999998,34.444072080996285
8,PSO,18,2.304460011804208,0.104644775390625,0.01691863583440161,0.0014999999999999998,34.444072080996285
8,PSO,19,2.304460011804208,0.07438492774963379,0.01691863583440161,0.0014999999999999998,34.444072080996285
8,PSO,20,2.304460011804208,0.09333205223083496,0.01691863583440161,0.0014999999999999998,34.444072080996285
8,PSO,21,2.304460011804208,0.2404017448425293,0.01691863583440161,0.0014999999999999998,34.444072080996285
8,PSO,22,2.304460011804208,0.10982704162597656,0.01691863583440161,0.0014999999999999998,34.444072080996285
8,PSO,23,2.304460011804208,0.1891329288482666,0.01691863583440161,0.0014999999999999998,34.444072080996285
8,PSO,24,2.304460011804208,0.10405993461608887,0.01691863583440161,0.0014999999999999998,34.444072080996285
8,PSO,25,2.304460011804208,0.11172032356262207,0.01691863583440161,0.0014999999999999998,34.444072080996285
8,PSO,26,2.304460011804208,0.1587522029876709,0.01691863583440161,0.0014999999999999998,34.444072080996285
8,PSO,27,2.304460011804208,0.13291501998901367,0.01691863583440161,0.0014999999999999998,34.444072080996285
8,PSO,28,2.304460011804208,0.12376880645751953,0.01691863583440161,0.0014999999999999998,34.444072080996285
8,PSO,29,2.304460011804208,0.08132410049438477,0.01691863583440161,0.0014999999999999998,34.444072080996285
8,PSO,30,2.304460011804208,0.08749270439147949,0.01691863583440161,0.0014999999999999998,34.444072080996285
8,GWO,1,2.304460011804208,0.08162188529968262,0.01691863583440161,0.0014999999999999998,34.444072080996285
8,GWO,2,2.304460011804208,0.1025092601776123,0.01691863583440161,0.0014999999999999998,34.444072080996285
8,GWO,3,2.304460011804208,0.06682705879211426,0.01691863583440161,0.0014999999999999998,34.444072080996285
8,GWO,4,2.304460011804208,0.13510918617248535,0.01691863583440161,0.0014999999999999998,34.444072080996285
8,GWO,5,2.304460011804208,0.21278595924377441,0.01691863583440161,0.0014999999999999998,34.444072080996285
8,GWO,6,2.304460011804208,0.10620403289794922,0.01691863583440161,0.0014999999999999998,34.444072080996285
8,GWO,7,2.304460011804208,0.21405792236328125,0.01691863583440161,0.0014999999999999998,34.444072080996285
8,GWO,8,2.304460011804208,0.08463382720947266,0.01691863583440161,0.0014999999999999998,34.444072080996285
8,GWO,9,2.304460011804208,0.06513381004333496,0.01691863583440161,0.0014999999999999998,34.444072080996285
8,GWO,10,2.304460011804208,0.08560013771057129,0.01691863583440161,0.0014999999999999998,34.444072080996285
8,GWO,11,2.304460011804208,0.09651803970336914,0.01691863583440161,0.0014999999999999998,34.444072080996285
8,GWO,12,2.304460011804208,0.0773630142211914,0.01691863583440161,0.0014999999999999998,34.444072080996285
8,GWO,13,2.304460011804208,0.18426799774169922,0.01691863583440161,0.0014999999999999998,34.444072080996285
8,GWO,14,2.304460011804208,0.06792092323303223,0.01691863583440161,0.0014999999999999998,34.444072080996285
8,GWO,15,2.304460011804208,0.0822298526763916,0.01691863583440161,0.0014999999999999998,34.444072080996285
8,GWO,16,2.304460011804208,0.23373913764953613,0.01691863583440161,0.0014999999999999998,34.444072080996285
8,GWO,17,2.304460011804208,0.0619356632232666,0.01691863583440161,0.0014999999999999998,34.444072080996285
8,GWO,18,2.304460011804208,0.10994195938110352,0.01691863583440161,0.0014999999999999998,34.444072080996285
8,GWO,19,2.304460011804208,0.10885405540466309,0.01691863583440161,0.0014999999999999998,34.444072080996285
8,GWO,20,2.304460011804208,0.20505332946777344,0.01691863583440161,0.0014999999999999998,34.444072080996285
8,GWO,21,2.304460011804208,0.0813758373260498,0.01691863583440161,0.0014999999999999998,34.444072080996285
8,GWO,22,2.304460011804208,0.0721588134765625,0.01691863583440161,0.0014999999999999998,34.444072080996285
8,GWO,23,2.304460011804208,0.07423210144042969,0.01691863583440161,0.0014999999999999998,34.444072080996285
8,GWO,24,2.304460011804208,0.0908050537109375,0.01691863583440161,0.0014999999999999998,34.444072080996285
8,GWO,25,2.304460011804208,0.1225290298461914,0.01691863583440161,0.0014999999999999998,34.444072080996285
8,GWO,26,2.304460011804208,0.09982585906982422,0.01691863583440161,0.0014999999999999998,34.444072080996285
8,GWO,27,2.304460011804208,0.20081877708435059,0.01691863583440161,0.0014999999999999998,34.444072080996285
8,GWO,28,2.304460011804208,0.193342924118042,0.01691863583440161,0.0014999999999999998,34.444072080996285
8,GWO,29,2.304460011804208,0.0648958683013916,0.01691863583440161,0.0014999999999999998,34.444072080996285
8,GWO,30,2.304460011804208,0.18050408363342285,0.01691863583440161,0.0014999999999999998,34.444072080996285
10,GA,1,2.677159917241914,0.672745943069458,0.0200326769779173,0.0014999999999999998,35.44033002704042
10,GA,2,2.677159917241914,0.8754260540008545,0.0200326769779173,0.0014999999999999998,35.44033002704042
10,GA,3,2.677159917241914,0.6785569190979004,0.0200326769779173,0.0014999999999999998,35.44033002704042
10,GA,4,2.677159917241914,0.6371309757232666,0.0200326769779173,0.0014999999999999998,35.44033002704042
10,GA,5,2.677159917241914,0.465087890625,0.0200326769779173,0.0014999999999999998,35.44033002704042
10,GA,6,2.677159917241914,0.6190142631530762,0.0200326769779173,0.0014999999999999998,35.44033002704042
10,GA,7,800.0,0.06067013740539551,,,0.0
10,GA,8,2.677159917241914,0.460921049118042,0.0200326769779173,0.0014999999999999998,35.44033002704042
10,GA,9,2.677159917241914,0.6764519214630127,0.0200326769779173,0.0014999999999999998,35.44033002704042
10,GA,10,2.677159917241914,0.642859935760498,0.0200326769779173,0.0014999999999999998,35.44033002704042
10,GA,11,2.677159917241914,0.6474430561065674,0.0200326769779173,0.0014999999999999998,35.44033002704042
10,GA,12,800.0,0.08231592178344727,,,0.0
10,GA,13,2.677159917241914,0.6297249794006348,0.0200326769779173,0.0014999999999999998,35.44033002704042
10,GA,14,2.677159917241914,0.6873760223388672,0.0200326769779173,0.0014999999999999998,35.44033002704042
10,GA,15,2.677159917241914,0.6593039035797119,0.0200326769779173,0.0014999999999999998,35.44033002704042
10,GA,16,2.677159917241914,0.42174196243286133,0.0200326769779173,0.0014999999999999998,35.44033002704042
10,GA,17,2.677159917241914,0.6736760139465332,0.0200326769779173,0.0014999999999999998,35.44033002704042
10,GA,18,2.677159917241914,0.6319448947906494,0.0200326769779173,0.0014999999999999998,35.44033002704042
10,GA,19,2.677159917241914,0.37531614303588867,0.0200326769779173,0.0014999999999999998,35.44033002704042
10,GA,20,2.677159917241914,0.5710370540618896,0.0200326769779173,0.0014999999999999998,35.44033002704042
10,GA,21,2.677159917241914,0.06705832481384277,0.0200326769779173,0.0014999999999999998,35.44033002704042
10,GA,22,2.677159917241914,0.3758049011230469,0.0200326769779173,0.0014999999999999998,35.44033002704042
10,GA,23,800.0,0.12798404693603516,,,0.0
10,GA,24,2.677159917241914,0.7152249813079834,0.0200326769779173,0.0014999999999999998,35.44033002704042
10,GA,25,2.677159917241914,0.7137353420257568,0.0200326769779173,0.0014999999999999998,35.44033002704042
10,GA,26,800.0,0.07131695747375488,,,0.0
10,GA,27,800.0,0.07906818389892578,,,0.0
10,GA,28,2.677159917241914,0.5694940090179443,0.0200326769779173,0.0014999999999999998,35.44033002704042
10,GA,29,2.677159917241914,0.22547197341918945,0.0200326769779173,0.0014999999999999998,35.44033002704042
10,GA,30,2.677159917241914,0.592315673828125,0.0200326769779173,0.0014999999999999998,35.44033002704042
10,PSO,1,2.677159917241914,0.07928276062011719,0.0200326769779173,0.0014999999999999998,35.44033002704042
10,PSO,2,2.677159917241914,0.07950401306152344,0.0200326769779173,0.0014999999999999998,35.44033002704042
10,PSO,3,2.677159917241914,0.11885595321655273,0.0200326769779173,0.0014999999999999998,35.44033002704042
10,PSO,4,2.677159917241914,0.08723998069763184,0.0200326769779173,0.0014999999999999998,35.44033002704042
10,PSO,5,2.677159917241914,0.10325813293457031,0.0200326769779173,0.0014999999999999998,35.44033002704042
10,PSO,6,2.677159917241914,0.13149619102478027,0.0200326769779173,0.0014999999999999998,35.44033002704042
10,PSO,7,2.677159917241914,0.09128284454345703,0.0200326769779173,0.0014999999999999998,35.44033002704042
10,PSO,8,2.677159917241914,0.07970094680786133,0.0200326769779173,0.0014999999999999998,35.44033002704042
10,PSO,9,2.677159917241914,0.11014819145202637,0.0200326769779173,0.0014999999999999998,35.44033002704042
10,PSO,10,2.677159917241914,0.08021092414855957,0.0200326769779173,0.0014999999999999998,35.44033002704042
10,PSO,11,2.677159917241914,0.1535351276397705,0.0200326769779173,0.0014999999999999998,35.44033002704042
10,PSO,12,2.677159917241914,0.09815311431884766,0.0200326769779173,0.0014999999999999998,35.44033002704042
10,PSO,13,2.677159917241914,0.1548299789428711,0.0200326769779173,0.0014999999999999998,35.44033002704042
10,PSO,14,2.677159917241914,0.0679481029510498,0.0200326769779173,0.0014999999999999998,35.44033002704042
10,PSO,15,2.677159917241914,0.17248201370239258,0.0200326769779173,0.0014999999999999998,35.44033002704042
10,PSO,16,2.677159917241914,0.14557909965515137,0.0200326769779173,0.0014999999999999998,35.44033002704042
10,PSO,17,2.677159917241914,0.0879507064819336,0.0200326769779173,0.0014999999999999998,35.44033002704042
10,PSO,18,2.677159917241914,0.09156084060668945,0.0200326769779173,0.0014999999999999998,35.44033002704042
10,PSO,19,2.677159917241914,0.09298896789550781,0.0200326769779173,0.0014999999999999998,35.44033002704042
10,PSO,20,2.677159917241914,0.11484599113464355,0.0200326769779173,0.0014999999999999998,35.44033002704042
10,PSO,21,2.677159917241914,0.09298825263977051,0.0200326769779173,0.0014999999999999998,35.44033002704042
10,PSO,22,2.677159917241914,0.1305239200592041,0.0200326769779173,0.0014999999999999998,35.44033002704042
10,PSO,23,2.677159917241914,0.07398390769958496,0.0200326769779173,0.0014999999999999998,35.44033002704042
10,PSO,24,2.677159917241914,0.14581704139709473,0.0200326769779173,0.0014999999999999998,35.44033002704042
10,PSO,25,800.0,0.035780906677246094,,,0.0
10,PSO,26,2.677159917241914,0.14400625228881836,0.0200326769779173,0.0014999999999999998,35.44033002704042
10,PSO,27,2.677159917241914,0.13110780715942383,0.0200326769779173,0.0014999999999999998,35.44033002704042
10,PSO,28,2.677159917241914,0.0755929946899414,0.0200326769779173,0.0014999999999999998,35.44033002704042
10,PSO,29,2.677159917241914,0.1618499755859375,0.0200326769779173,0.0014999999999999998,35.44033002704042
10,PSO,30,2.677159917241914,0.0836949348449707,0.0200326769779173,0.0014999999999999998,35.44033002704042
10,GWO,1,2.677159917241914,0.14535999298095703,0.0200326769779173,0.0014999999999999998,35.44033002704042
10,GWO,2,2.677159917241914,0.05664992332458496,0.0200326769779173,0.0014999999999999998,35.44033002704042
10,GWO,3,2.677159917241914,0.05521702766418457,0.0200326769779173,0.0014999999999999998,35.44033002704042
10,GWO,4,2.677159917241914,0.07720303535461426,0.0200326769779173,0.0014999999999999998,35.44033002704042
10,GWO,5,2.677159917241914,0.07318806648254395,0.0200326769779173,0.0014999999999999998,35.44033002704042
10,GWO,6,2.677159917241914,0.07935905456542969,0.0200326769779173,0.0014999999999999998,35.44033002704042
10,GWO,7,2.677159917241914,0.06574583053588867,0.0200326769779173,0.0014999999999999998,35.44033002704042
10,GWO,8,2.677159917241914,0.0722510814666748,0.0200326769779173,0.0014999999999999998,35.44033002704042
10,GWO,9,2.677159917241914,0.05519509315490723,0.0200326769779173,0.0014999999999999998,35.44033002704042
10,GWO,10,2.677159917241914,0.22957277297973633,0.0200326769779173,0.0014999999999999998,35.44033002704042
10,GWO,11,2.677159917241914,0.04724931716918945,0.0200326769779173,0.0014999999999999998,35.44033002704042
10,GWO,12,2.677159917241914,0.08763289451599121,0.0200326769779173,0.0014999999999999998,35.44033002704042
10,GWO,13,2.677159917241914,0.06020307540893555,0.0200326769779173,0.0014999999999999998,35.44033002704042
10,GWO,14,2.677159917241914,0.13726425170898438,0.0200326769779173,0.0014999999999999998,35.44033002704042
10,GWO,15,2.677159917241914,0.06253695487976074,0.0200326769779173,0.0014999999999999998,35.44033002704042
10,GWO,16,2.677159917241914,0.06045222282409668,0.0200326769779173,0.0014999999999999998,35.44033002704042
10,GWO,17,2.677159917241914,0.12266182899475098,0.0200326769779173,0.0014999999999999998,35.44033002704042
10,GWO,18,2.677159917241914,0.5765328407287598,0.0200326769779173,0.0014999999999999998,35.44033002704042
10,GWO,19,2.677159917241914,0.07455706596374512,0.0200326769779173,0.0014999999999999998,35.44033002704042
10,GWO,20,2.677159917241914,0.11682677268981934,0.0200326769779173,0.0014999999999999998,35.44033002704042
10,GWO,21,2.677159917241914,0.08268499374389648,0.0200326769779173,0.0014999999999999998,35.44033002704042
10,GWO,22,2.677159917241914,0.1483592987060547,0.0200326769779173,0.0014999999999999998,35.44033002704042
10,GWO,23,2.677159917241914,0.06909322738647461,0.0200326769779173,0.0014999999999999998,35.44033002704042
10,GWO,24,2.677159917241914,0.060362815856933594,0.0200326769779173,0.0014999999999999998,35.44033002704042
10,GWO,25,2.677159917241914,0.08020901679992676,0.0200326769779173,0.0014999999999999998,35.44033002704042
10,GWO,26,2.677159917241914,0.20641517639160156,0.0200326769779173,0.0014999999999999998,35.44033002704042
10,GWO,27,2.677159917241914,0.17990922927856445,0.0200326769779173,0.0014999999999999998,35.44033002704042
10,GWO,28,2.677159917241914,0.07178092002868652,0.0200326769779173,0.0014999999999999998,35.44033002704042
10,GWO,29,2.677159917241914,0.06594395637512207,0.0200326769779173,0.0014999999999999998,35.44033002704042
10,GWO,30,2.677159917241914,0.0651240348815918,0.0200326769779173,0.0014999999999999998,35.44033002704042
12,GA,1,1000.0,0.07109212875366211,,,0.0
12,GA,2,3.0822650314217097,0.09153294563293457,0.023356794623532125,0.0014999999999999998,34.63758085053631
12,GA,3,3.0822650314217097,0.7718191146850586,0.023356794623532125,0.0014999999999999998,34.63758085053631
12,GA,4,1000.0,0.07173299789428711,,,0.0
12,GA,5,3.0822650314217097,0.8244760036468506,0.023356794623532125,0.0014999999999999998,34.63758085053631
12,GA,6,3.0822650314217097,0.8145997524261475,0.023356794623532125,0.0014999999999999998,34.63758085053631
12,GA,7,3.0822650314217097,0.7239339351654053,0.023356794623532125,0.0014999999999999998,34.63758085053631
12,GA,8,3.0822650314217097,0.8028662204742432,0.023356794623532125,0.0014999999999999998,34.63758085053631
12,GA,9,800.0,0.06058382987976074,,,0.0
12,GA,10,3.0822650314217097,0.5513529777526855,0.023356794623532125,0.0014999999999999998,34.63758085053631
12,GA,11,3.0822650314217097,0.5806829929351807,0.023356794623532125,0.0014999999999999998,34.63758085053631
12,GA,12,3.0822650314217097,0.7827768325805664,0.023356794623532125,0.0014999999999999998,34.63758085053631
12,GA,13,3.0822650314217097,0.7156491279602051,0.023356794623532125,0.0014999999999999998,34.63758085053631
12,GA,14,3.0822650314217097,0.8052961826324463,0.023356794623532125,0.0014999999999999998,34.63758085053631
12,GA,15,3.0822650314217097,0.6891379356384277,0.023356794623532125,0.0014999999999999998,34.63758085053631
12,GA,16,3.0822650314217097,0.7672319412231445,0.023356794623532125,0.0014999999999999998,34.63758085053631
12,GA,17,3.0822650314217097,0.0703728199005127,0.023356794623532125,0.0014999999999999998,34.63758085053631
12,GA,18,1000.0,0.0651857852935791,,,0.0
12,GA,19,3.0822650314217097,0.7547922134399414,0.023356794623532125,0.0014999999999999998,34.63758085053631
12,GA,20,1000.0,0.06131315231323242,,,0.0
12,GA,21,3.0822650314217097,0.7728331089019775,0.023356794623532125,0.0014999999999999998,34.63758085053631
12,GA,22,3.0822650314217097,0.7851550579071045,0.023356794623532125,0.0014999999999999998,34.63758085053631
12,GA,23,3.0822650314217097,0.7591092586517334,0.023356794623532125,0.0014999999999999998,34.63758085053631
12,GA,24,3.0822650314217097,0.6677429676055908,0.023356794623532125,0.0014999999999999998,34.63758085053631
12,GA,25,800.0,0.08895111083984375,,,0.0
12,GA,26,800.0,0.09380006790161133,,,0.0
12,GA,27,800.0,0.07639598846435547,,,0.0
12,GA,28,3.0822650314217097,0.8033158779144287,0.023356794623532125,0.0014999999999999998,34.63758085053631
12,GA,29,3.0822650314217097,0.09222722053527832,0.023356794623532125,0.0014999999999999998,34.63758085053631
12,GA,30,3.0822650314217097,0.7606117725372314,0.023356794623532125,0.0014999999999999998,34.63758085053631
12,PSO,1,3.0822650314217097,0.1537330150604248,0.023356794623532125,0.0014999999999999998,34.63758085053631
12,PSO,2,3.0822650314217097,0.10610485076904297,0.023356794623532125,0.0014999999999999998,34.63758085053631
12,PSO,3,3.0822650314217097,0.20612215995788574,0.023356794623532125,0.0014999999999999998,34.63758085053631
12,PSO,4,3.0822650314217097,0.07059097290039062,0.023356794623532125,0.0014999999999999998,34.63758085053631
12,PSO,5,3.0822650314217097,0.13933324813842773,0.023356794623532125,0.0014999999999999998,34.63758085053631
12,PSO,6,3.0822650314217097,0.09984517097473145,0.023356794623532125,0.0014999999999999998,34.63758085053631
12,PSO,7,3.0822650314217097,0.08992385864257812,0.023356794623532125,0.0014999999999999998,34.63758085053631
12,PSO,8,3.0822650314217097,0.10846281051635742,0.023356794623532125,0.0014999999999999998,34.63758085053631
12,PSO,9,3.0822650314217097,0.0951528549194336,0.023356794623532125,0.0014999999999999998,34.63758085053631
12,PSO,10,3.0822650314217097,0.07994389533996582,0.023356794623532125,0.0014999999999999998,34.63758085053631
12,PSO,11,3.0822650314217097,0.06784391403198242,0.023356794623532125,0.0014999999999999998,34.63758085053631
12,PSO,12,3.0822650314217097,0.07074308395385742,0.023356794623532125,0.0014999999999999998,34.63758085053631
12,PSO,13,3.0822650314217097,0.125593900680542,0.023356794623532125,0.0014999999999999998,34.63758085053631
12,PSO,14,3.0822650314217097,0.10286378860473633,0.023356794623532125,0.0014999999999999998,34.63758085053631
12,PSO,15,3.0822650314217097,0.11957383155822754,0.023356794623532125,0.0014999999999999998,34.63758085053631
12,PSO,16,3.0822650314217097,0.11373209953308105,0.023356794623532125,0.0014999999999999998,34.63758085053631
12,PSO,17,3.0822650314217097,0.12308001518249512,0.023356794623532125,0.0014999999999999998,34.63758085053631
12,PSO,18,3.0822650314217097,0.09793519973754883,0.023356794623532125,0.0014999999999999998,34.63758085053631
12,PSO,19,3.0822650314217097,0.12404680252075195,0.023356794623532125,0.0014999999999999998,34.63758085053631
12,PSO,20,3.0822650314217097,0.16318178176879883,0.023356794623532125,0.0014999999999999998,34.63758085053631
12,PSO,21,3.0822650314217097,0.09069013595581055,0.023356794623532125,0.0014999999999999998,34.63758085053631
12,PSO,22,3.0822650314217097,0.12343025207519531,0.023356794623532125,0.0014999999999999998,34.63758085053631
12,PSO,23,3.0822650314217097,0.15359067916870117,0.023356794623532125,0.0014999999999999998,34.63758085053631
12,PSO,24,3.0822650314217097,0.1559619903564453,0.023356794623532125,0.0014999999999999998,34.63758085053631
12,PSO,25,3.0822650314217097,0.17544984817504883,0.023356794623532125,0.0014999999999999998,34.63758085053631
12,PSO,26,3.0822650314217097,0.08556008338928223,0.023356794623532125,0.0014999999999999998,34.63758085053631
12,PSO,27,3.0822650314217097,0.1103050708770752,0.023356794623532125,0.0014999999999999998,34.63758085053631
12,PSO,28,3.0822650314217097,0.11960315704345703,0.023356794623532125,0.0014999999999999998,34.63758085053631
12,PSO,29,3.0822650314217097,0.17633509635925293,0.023356794623532125,0.0014999999999999998,34.63758085053631
12,PSO,30,3.0822650314217097,0.16173720359802246,0.023356794623532125,0.0014999999999999998,34.63758085053631
12,GWO,1,3.0822650314217097,0.08494186401367188,0.023356794623532125,0.0014999999999999998,34.63758085053631
12,GWO,2,3.0822650314217097,0.0724637508392334,0.023356794623532125,0.0014999999999999998,34.63758085053631
12,GWO,3,3.0822650314217097,0.16810083389282227,0.023356794623532125,0.0014999999999999998,34.63758085053631
12,GWO,4,3.0822650314217097,0.2110750675201416,0.023356794623532125,0.0014999999999999998,34.63758085053631
12,GWO,5,3.0822650314217097,0.14476490020751953,0.023356794623532125,0.0014999999999999998,34.63758085053631
12,GWO,6,3.0822650314217097,0.08711028099060059,0.023356794623532125,0.0014999999999999998,34.63758085053631
12,GWO,7,3.0822650314217097,0.08533692359924316,0.023356794623532125,0.0014999999999999998,34.63758085053631
12,GWO,8,3.0822650314217097,0.08130621910095215,0.023356794623532125,0.0014999999999999998,34.63758085053631
12,GWO,9,3.0822650314217097,0.07012104988098145,0.023356794623532125,0.0014999999999999998,34.63758085053631
12,GWO,10,3.0822650314217097,0.2429349422454834,0.023356794623532125,0.0014999999999999998,34.63758085053631
12,GWO,11,3.0822650314217097,0.05083894729614258,0.023356794623532125,0.0014999999999999998,34.63758085053631
12,GWO,12,3.0822650314217097,0.2624788284301758,0.023356794623532125,0.0014999999999999998,34.63758085053631
12,GWO,13,3.0822650314217097,0.23969602584838867,0.023356794623532125,0.0014999999999999998,34.63758085053631
12,GWO,14,3.0822650314217097,0.0637350082397461,0.023356794623532125,0.0014999999999999998,34.63758085053631
12,GWO,15,3.0822650314217097,0.06018996238708496,0.023356794623532125,0.0014999999999999998,34.63758085053631
12,GWO,16,3.0822650314217097,0.18590188026428223,0.023356794623532125,0.0014999999999999998,34.63758085053631
12,GWO,17,3.0822650314217097,0.08812093734741211,0.023356794623532125,0.0014999999999999998,34.63758085053631
12,GWO,18,3.0822650314217097,0.050267934799194336,0.023356794623532125,0.0014999999999999998,34.63758085053631
12,GWO,19,3.0822650314217097,0.0647737979888916,0.023356794623532125,0.0014999999999999998,34.63758085053631
12,GWO,20,3.0822650314217097,0.1842210292816162,0.023356794623532125,0.0014999999999999998,34.63758085053631
12,GWO,21,3.0822650314217097,0.08841681480407715,0.023356794623532125,0.0014999999999999998,34.63758085053631
12,GWO,22,3.0822650314217097,0.09044003486633301,0.023356794623532125,0.0014999999999999998,34.63758085053631
12,GWO,23,3.0822650314217097,0.05874824523925781,0.023356794623532125,0.0014999999999999998,34.63758085053631
12,GWO,24,3.0822650314217097,0.0641331672668457,0.023356794623532125,0.0014999999999999998,34.63758085053631
12,GWO,25,3.0822650314217097,0.08159303665161133,0.023356794623532125,0.0014999999999999998,34.63758085053631
12,GWO,26,3.0822650314217097,0.07720518112182617,0.023356794623532125,0.0014999999999999998,34.63758085053631
12,GWO,27,3.0822650314217097,0.07466435432434082,0.023356794623532125,0.0014999999999999998,34.63758085053631
12,GWO,28,3.0822650314217097,0.10482525825500488,0.023356794623532125,0.0014999999999999998,34.63758085053631
12,GWO,29,3.0822650314217097,0.22292208671569824,0.023356794623532125,0.0014999999999999998,34.63758085053631
12,GWO,30,3.0822650314217097,0.08530187606811523,0.023356794623532125,0.0014999999999999998,34.63758085053631
15,GA,1,3.620192162151144,1.0429859161376953,0.027882277487406265,0.0015000000000000002,37.045284084401914
15,GA,2,3.620192162151144,0.8981611728668213,0.027882277487406265,0.0015000000000000002,37.045284084401914
15,GA,3,3.620192162151144,0.907224178314209,0.027882277487406265,0.0015000000000000002,37.045284084401914
15,GA,4,3.620192162151144,1.1026628017425537,0.027882277487406265,0.0015000000000000002,37.045284084401914
15,GA,5,800.0,0.06684112548828125,,,0.0
15,GA,6,3.620192162151144,0.8796648979187012,0.027882277487406265,0.0015000000000000002,37.045284084401914
15,GA,7,800.0,0.06142282485961914,,,0.0
15,GA,8,3.620192162151144,0.40372204780578613,0.027882277487406265,0.0015000000000000002,37.045284084401914
15,GA,9,3.620192162151144,0.9712119102478027,0.027882277487406265,0.0015000000000000002,37.045284084401914
15,GA,10,800.0,0.1018369197845459,,,0.0
15,GA,11,3.620192162151144,0.8925809860229492,0.027882277487406265,0.0015000000000000002,37.045284084401914
15,GA,12,3.620192162151144,0.9662318229675293,0.027882277487406265,0.0015000000000000002,37.045284084401914
15,GA,13,800.0,0.10266280174255371,,,0.0
15,GA,14,800.0,0.09730195999145508,,,0.0
15,GA,15,3.620192162151144,0.9724879264831543,0.027882277487406265,0.0015000000000000002,37.045284084401914
15,GA,16,800.0,0.06599688529968262,,,0.0
15,GA,17,800.0,0.0742189884185791,,,0.0
15,GA,18,3.620192162151144,0.4906597137451172,0.027882277487406265,0.0015000000000000002,37.045284084401914
15,GA,19,3.620192162151144,0.9881680011749268,0.027882277487406265,0.0015000000000000002,37.045284084401914
15,GA,20,3.620192162151144,0.7890748977661133,0.027882277487406265,0.0015000000000000002,37.045284084401914
15,GA,21,3.620192162151144,0.9861078262329102,0.027882277487406265,0.0015000000000000002,37.045284084401914
15,GA,22,3.620192162151144,0.11201691627502441,0.027882277487406265,0.0015000000000000002,37.045284084401914
15,GA,23,800.0,0.08704996109008789,,,0.0
15,GA,24,800.0,0.0702371597290039,,,0.0
15,GA,25,3.620192162151144,0.958327054977417,0.027882277487406265,0.0015000000000000002,37.045284084401914
15,GA,26,800.0,0.06105184555053711,,,0.0
15,GA,27,800.0,0.08181095123291016,,,0.0
15,GA,28,3.620192162151144,0.8099009990692139,0.027882277487406265,0.0015000000000000002,37.045284084401914
15,GA,29,3.620192162151144,0.9342057704925537,0.027882277487406265,0.0015000000000000002,37.045284084401914
15,GA,30,3.620192162151144,0.08017206192016602,0.027882277487406265,0.0015000000000000002,37.045284084401914
15,PSO,1,3.620192162151144,0.14936614036560059,0.027882277487406265,0.0015000000000000002,37.045284084401914
15,PSO,2,3.620192162151144,0.12231993675231934,0.027882277487406265,0.0015000000000000002,37.045284084401914
15,PSO,3,3.620192162151144,0.25425100326538086,0.027882277487406265,0.0015000000000000002,37.045284084401914
15,PSO,4,800.0,0.058754920959472656,,,0.0
15,PSO,5,3.620192162151144,0.09476089477539062,0.027882277487406265,0.0015000000000000002,37.045284084401914
15,PSO,6,3.620192162151144,0.1012718677520752,0.027882277487406265,0.0015000000000000002,37.045284084401914
15,PSO,7,3.620192162151144,0.11317300796508789,0.027882277487406265,0.0015000000000000002,37.045284084401914
15,PSO,8,3.620192162151144,0.14322710037231445,0.027882277487406265,0.0015000000000000002,37.045284084401914
15,PSO,9,3.620192162151144,0.12749886512756348,0.027882277487406265,0.0015000000000000002,37.045284084401914
15,PSO,10,3.620192162151144,0.09737896919250488,0.027882277487406265,0.0015000000000000002,37.045284084401914
15,PSO,11,800.0,0.03857684135437012,,,0.0
15,PSO,12,3.620192162151144,0.20771312713623047,0.027882277487406265,0.0015000000000000002,37.045284084401914
15,PSO,13,3.620192162151144,0.32958269119262695,0.027882277487406265,0.0015000000000000002,37.045284084401914
15,PSO,14,3.620192162151144,0.49257493019104004,0.027882277487406265,0.0015000000000000002,37.045284084401914
15,PSO,15,3.620192162151144,0.09678792953491211,0.027882277487406265,0.0015000000000000002,37.045284084401914
15,PSO,16,3.620192162151144,0.1805710792541504,0.027882277487406265,0.0015000000000000002,37.045284084401914
15,PSO,17,3.620192162151144,0.13352203369140625,0.027882277487406265,0.0015000000000000002,37.045284084401914
15,PSO,18,3.620192162151144,0.24866604804992676,0.027882277487406265,0.0015000000000000002,37.045284084401914
15,PSO,19,3.620192162151144,0.14623022079467773,0.027882277487406265,0.0015000000000000002,37.045284084401914
15,PSO,20,3.620192162151144,0.18689990043640137,0.027882277487406265,0.0015000000000000002,37.045284084401914
15,PSO,21,3.620192162151144,0.17004704475402832,0.027882277487406265,0.0015000000000000002,37.045284084401914
15,PSO,22,3.620192162151144,0.14944195747375488,0.027882277487406265,0.0015000000000000002,37.045284084401914
15,PSO,23,3.620192162151144,0.08645105361938477,0.027882277487406265,0.0015000000000000002,37.045284084401914
15,PSO,24,3.620192162151144,0.09899520874023438,0.027882277487406265,0.0015000000000000002,37.045284084401914
15,PSO,25,3.620192162151144,0.16525793075561523,0.027882277487406265,0.0015000000000000002,37.045284084401914
15,PSO,26,3.620192162151144,0.09311723709106445,0.027882277487406265,0.0015000000000000002,37.045284084401914
15,PSO,27,3.620192162151144,0.12819695472717285,0.027882277487406265,0.0015000000000000002,37.045284084401914
15,PSO,28,3.620192162151144,0.13990497589111328,0.027882277487406265,0.0015000000000000002,37.045284084401914
15,PSO,29,3.620192162151144,0.0477750301361084,0.027882277487406265,0.0015000000000000002,37.045284084401914
15,PSO,30,800.0,0.04445910453796387,,,0.0
15,GWO,1,3.620192162151144,0.08013486862182617,0.027882277487406265,0.0015000000000000002,37.045284084401914
15,GWO,2,3.620192162151144,0.0885312557220459,0.027882277487406265,0.0015000000000000002,37.045284084401914
15,GWO,3,3.620192162151144,0.07090306282043457,0.027882277487406265,0.0015000000000000002,37.045284084401914
15,GWO,4,3.620192162151144,0.1564171314239502,0.027882277487406265,0.0015000000000000002,37.045284084401914
15,GWO,5,3.620192162151144,0.06186318397521973,0.027882277487406265,0.0015000000000000002,37.045284084401914
15,GWO,6,3.620192162151144,0.1990208625793457,0.027882277487406265,0.0015000000000000002,37.045284084401914
15,GWO,7,3.620192162151144,0.09072208404541016,0.027882277487406265,0.0015000000000000002,37.045284084401914
15,GWO,8,3.620192162151144,0.04701089859008789,0.027882277487406265,0.0015000000000000002,37.045284084401914
15,GWO,9,3.620192162151144,0.09587502479553223,0.027882277487406265,0.0015000000000000002,37.045284084401914
15,GWO,10,3.620192162151144,0.0544431209564209,0.027882277487406265,0.0015000000000000002,37.045284084401914
15,GWO,11,3.620192162151144,0.09525609016418457,0.027882277487406265,0.0015000000000000002,37.045284084401914
15,GWO,12,3.620192162151144,0.06034588813781738,0.027882277487406265,0.0015000000000000002,37.045284084401914
15,GWO,13,3.620192162151144,0.09020805358886719,0.027882277487406265,0.0015000000000000002,37.045284084401914
15,GWO,14,3.620192162151144,0.2287440299987793,0.027882277487406265,0.0015000000000000002,37.045284084401914
15,GWO,15,3.620192162151144,0.17595195770263672,0.027882277487406265,0.0015000000000000002,37.045284084401914
15,GWO,16,3.620192162151144,0.1122431755065918,0.027882277487406265,0.0015000000000000002,37.045284084401914
15,GWO,17,3.620192162151144,0.09653091430664062,0.027882277487406265,0.0015000000000000002,37.045284084401914
15,GWO,18,3.620192162151144,0.26067519187927246,0.027882277487406265,0.0015000000000000002,37.045284084401914
15,GWO,19,3.620192162151144,0.127899169921875,0.027882277487406265,0.0015000000000000002,37.045284084401914
15,GWO,20,3.620192162151144,0.08343005180358887,0.027882277487406265,0.0015000000000000002,37.045284084401914
15,GWO,21,3.620192162151144,0.06836104393005371,0.027882277487406265,0.0015000000000000002,37.045284084401914
15,GWO,22,3.620192162151144,0.14100003242492676,0.027882277487406265,0.0015000000000000002,37.045284084401914
15,GWO,23,3.620192162151144,0.24271726608276367,0.027882277487406265,0.0015000000000000002,37.045284084401914
15,GWO,24,3.620192162151144,0.3113861083984375,0.027882277487406265,0.0015000000000000002,37.045284084401914
15,GWO,25,3.620192162151144,0.22966289520263672,0.027882277487406265,0.0015000000000000002,37.045284084401914
15,GWO,26,3.620192162151144,0.29731297492980957,0.027882277487406265,0.0015000000000000002,37.045284084401914
15,GWO,27,3.620192162151144,0.05661582946777344,0.027882277487406265,0.0015000000000000002,37.045284084401914
15,GWO,28,3.620192162151144,0.15556597709655762,0.027882277487406265,0.0015000000000000002,37.045284084401914
15,GWO,29,3.620192162151144,0.214918851852417,0.027882277487406265,0.0015000000000000002,37.045284084401914
15,GWO,30,3.620192162151144,0.22006607055664062,0.027882277487406265,0.0015000000000000002,37.045284084401914
20,GA,1,4.444468345358003,1.1918792724609375,0.034648086562991315,0.0015000000000000005,35.825510550238754
20,GA,2,800.0,0.07214522361755371,,,0.0
20,GA,3,800.0,0.06803512573242188,,,0.0
20,GA,4,800.0,0.06027102470397949,,,0.0
20,GA,5,800.0,0.08499526977539062,,,0.0
20,GA,6,800.0,0.08718228340148926,,,0.0
20,GA,7,4.444468345358003,0.06785798072814941,0.034648086562991315,0.0015000000000000005,35.825510550238754
20,GA,8,800.0,0.07545804977416992,,,0.0
20,GA,9,4.444468345358003,1.0037949085235596,0.034648086562991315,0.0015000000000000005,35.825510550238754
20,GA,10,800.0,0.07229161262512207,,,0.0
20,GA,11,4.444468345358003,1.0536088943481445,0.034648086562991315,0.0015000000000000005,35.825510550238754
20,GA,12,4.444468345358003,1.3027358055114746,0.034648086562991315,0.0015000000000000005,35.825510550238754
20,GA,13,800.0,0.06291890144348145,,,0.0
20,GA,14,4.444468345358003,0.10329389572143555,0.034648086562991315,0.0015000000000000005,35.825510550238754
20,GA,15,4.444468345358003,1.0878329277038574,0.034648086562991315,0.0015000000000000005,35.825510550238754
20,GA,16,4.444468345358003,0.8565800189971924,0.034648086562991315,0.0015000000000000005,35.825510550238754
20,GA,17,4.444468345358003,0.8602571487426758,0.034648086562991315,0.0015000000000000005,35.825510550238754
20,GA,18,4.444468345358003,0.08087396621704102,0.034648086562991315,0.0015000000000000005,35.825510550238754
20,GA,19,800.0,0.08038783073425293,,,0.0
20,GA,20,4.444468345358003,1.3545961380004883,0.034648086562991315,0.0015000000000000005,35.825510550238754
20,GA,21,800.0,0.09179496765136719,,,0.0
20,GA,22,4.444468345358003,1.224431037902832,0.034648086562991315,0.0015000000000000005,35.825510550238754
20,GA,23,800.0,0.07100701332092285,,,0.0
20,GA,24,4.444468345358003,0.901007890701294,0.034648086562991315,0.0015000000000000005,35.825510550238754
20,GA,25,4.444468345358003,1.2652299404144287,0.034648086562991315,0.0015000000000000005,35.825510550238754
20,GA,26,4.444468345358003,1.1019487380981445,0.034648086562991315,0.0015000000000000005,35.825510550238754
20,GA,27,4.444468345358003,1.1152310371398926,0.034648086562991315,0.0015000000000000005,35.825510550238754
20,GA,28,4.444468345358003,1.1210618019104004,0.034648086562991315,0.0015000000000000005,35.825510550238754
20,GA,29,4.444468345358003,1.0338199138641357,0.034648086562991315,0.0015000000000000005,35.825510550238754
20,GA,30,4.444468345358003,0.6298041343688965,0.034648086562991315,0.0015000000000000005,35.825510550238754
20,PSO,1,4.444468345358003,0.16333317756652832,0.034648086562991315,0.0015000000000000005,35.825510550238754
20,PSO,2,4.444468345358003,0.1306469440460205,0.034648086562991315,0.0015000000000000005,35.825510550238754
20,PSO,3,800.0,0.03864598274230957,,,0.0
20,PSO,4,4.444468345358003,0.14278697967529297,0.034648086562991315,0.0015000000000000005,35.825510550238754
20,PSO,5,4.444468345358003,0.24875092506408691,0.034648086562991315,0.0015000000000000005,35.825510550238754
20,PSO,6,4.444468345358003,0.11584186553955078,0.034648086562991315,0.0015000000000000005,35.825510550238754
20,PSO,7,4.444468345358003,0.1477360725402832,0.034648086562991315,0.0015000000000000005,35.825510550238754
20,PSO,8,4.444468345358003,0.22452306747436523,0.034648086562991315,0.0015000000000000005,35.825510550238754
20,PSO,9,4.444468345358003,0.22351288795471191,0.034648086562991315,0.0015000000000000005,35.825510550238754
20,PSO,10,4.444468345358003,0.12529778480529785,0.034648086562991315,0.0015000000000000005,35.825510550238754
20,PSO,11,4.444468345358003,0.3838322162628174,0.034648086562991315,0.0015000000000000005,35.825510550238754
20,PSO,12,4.444468345358003,0.08324623107910156,0.034648086562991315,0.0015000000000000005,35.825510550238754
20,PSO,13,4.444468345358003,0.15283584594726562,0.034648086562991315,0.0015000000000000005,35.825510550238754
20,PSO,14,4.444468345358003,0.1581592559814453,0.034648086562991315,0.0015000000000000005,35.825510550238754
20,PSO,15,4.444468345358003,0.16756510734558105,0.034648086562991315,0.0015000000000000005,35.825510550238754
20,PSO,16,4.444468345358003,0.34601593017578125,0.034648086562991315,0.0015000000000000005,35.825510550238754
20,PSO,17,4.444468345358003,0.22110700607299805,0.034648086562991315,0.0015000000000000005,35.825510550238754
20,PSO,18,4.444468345358003,0.22176909446716309,0.034648086562991315,0.0015000000000000005,35.825510550238754
20,PSO,19,4.444468345358003,0.09709692001342773,0.034648086562991315,0.0015000000000000005,35.825510550238754
20,PSO,20,4.444468345358003,0.08765411376953125,0.034648086562991315,0.0015000000000000005,35.825510550238754
20,PSO,21,4.444468345358003,0.36455607414245605,0.034648086562991315,0.0015000000000000005,35.825510550238754
20,PSO,22,4.444468345358003,0.16275715827941895,0.034648086562991315,0.0015000000000000005,35.825510550238754
20,PSO,23,4.444468345358003,0.09598588943481445,0.034648086562991315,0.0015000000000000005,35.825510550238754
20,PSO,24,4.444468345358003,0.1007680892944336,0.034648086562991315,0.0015000000000000005,35.825510550238754
20,PSO,25,4.444468345358003,0.20369386672973633,0.034648086562991315,0.0015000000000000005,35.825510550238754
20,PSO,26,4.444468345358003,0.33135390281677246,0.034648086562991315,0.0015000000000000005,35.825510550238754
20,PSO,27,4.444468345358003,0.17332005500793457,0.034648086562991315,0.0015000000000000005,35.825510550238754
20,PSO,28,4.444468345358003,0.5189409255981445,0.034648086562991315,0.0015000000000000005,35.825510550238754
20,PSO,29,4.444468345358003,0.08301162719726562,0.034648086562991315,0.0015000000000000005,35.825510550238754
20,PSO,30,4.444468345358003,0.1489720344543457,0.034648086562991315,0.0015000000000000005,35.825510550238754
20,GWO,1,4.444468345358003,0.05161309242248535,0.034648086562991315,0.0015000000000000005,35.825510550238754
20,GWO,2,4.444468345358003,0.4603099822998047,0.034648086562991315,0.0015000000000000005,35.825510550238754
20,GWO,3,4.444468345358003,0.05565309524536133,0.034648086562991315,0.0015000000000000005,35.825510550238754
20,GWO,4,4.444468345358003,0.07746672630310059,0.034648086562991315,0.0015000000000000005,35.825510550238754
20,GWO,5,4.444468345358003,0.06906795501708984,0.034648086562991315,0.0015000000000000005,35.825510550238754
20,GWO,6,4.444468345358003,0.20302724838256836,0.034648086562991315,0.0015000000000000005,35.825510550238754
20,GWO,7,4.444468345358003,0.4533102512359619,0.034648086562991315,0.0015000000000000005,35.825510550238754
20,GWO,8,4.444468345358003,0.2635800838470459,0.034648086562991315,0.0015000000000000005,35.825510550238754
20,GWO,9,4.444468345358003,0.0732889175415039,0.034648086562991315,0.0015000000000000005,35.825510550238754
20,GWO,10,4.444468345358003,0.31104421615600586,0.034648086562991315,0.0015000000000000005,35.825510550238754
20,GWO,11,4.444468345358003,0.10477805137634277,0.034648086562991315,0.0015000000000000005,35.825510550238754
20,GWO,12,4.444468345358003,0.12369012832641602,0.034648086562991315,0.0015000000000000005,35.825510550238754
20,GWO,13,4.444468345358003,0.14544916152954102,0.034648086562991315,0.0015000000000000005,35.825510550238754
20,GWO,14,800.0,0.06733417510986328,,,0.0
20,GWO,15,4.444468345358003,0.2659893035888672,0.034648086562991315,0.0015000000000000005,35.825510550238754
20,GWO,16,4.444468345358003,0.383192777633667,0.034648086562991315,0.0015000000000000005,35.825510550238754
20,GWO,17,4.444468345358003,0.46522998809814453,0.034648086562991315,0.0015000000000000005,35.825510550238754
20,GWO,18,4.444468345358003,0.09645795822143555,0.034648086562991315,0.0015000000000000005,35.825510550238754
20,GWO,19,4.444468345358003,0.08187603950500488,0.034648086562991315,0.0015000000000000005,35.825510550238754
20,GWO,20,4.444468345358003,0.3275880813598633,0.034648086562991315,0.0015000000000000005,35.825510550238754
20,GWO,21,4.444468345358003,0.11616921424865723,0.034648086562991315,0.0015000000000000005,35.825510550238754
20,GWO,22,4.444468345358003,0.14849519729614258,0.034648086562991315,0.0015000000000000005,35.825510550238754
20,GWO,23,4.444468345358003,0.19658184051513672,0.034648086562991315,0.0015000000000000005,35.825510550238754
20,GWO,24,4.444468345358003,0.06487607955932617,0.034648086562991315,0.0015000000000000005,35.825510550238754
20,GWO,25,800.0,0.047638893127441406,,,0.0
20,GWO,26,4.444468345358003,0.07022428512573242,0.034648086562991315,0.0015000000000000005,35.825510550238754
20,GWO,27,4.444468345358003,0.11219906806945801,0.034648086562991315,0.0015000000000000005,35.825510550238754
20,GWO,28,4.444468345358003,0.05174708366394043,0.034648086562991315,0.0015000000000000005,35.825510550238754
20,GWO,29,800.0,0.05178022384643555,,,0.0
20,GWO,30,4.444468345358003,0.1651298999786377,0.034648086562991315,0.0015000000000000005,35.825510550238754
